Activity ID,Activity Name,WBS Code,WBS Level,Discipline,Planned Start,Planned Finish,Planned Duration,Actual Progress %,Contractor
EW-L1-001,East-West Gas Pipeline Sector 4 EPC,1,L1,General,2026-08-03,2027-01-30,180,42.0,Larsen & Petro Engineering JV
CIV-L2-001,Civil & Structural Works Package,1.1,L2,Civil,2026-08-03,2026-12-01,120,68.0,Larsen & Petro Engineering JV
PIP-L2-001,Mainline & Station Piping Package,1.2,L2,Piping,2026-08-18,2027-01-15,150,40.0,Larsen & Petro Engineering JV
MEC-L2-001,Static & Rotary Equipment Package,1.3,L2,Mechanical,2026-09-02,2026-12-21,110,25.0,Larsen & Petro Engineering JV
ELE-L2-001,Power Distribution & Substation Package,1.4,L2,Electrical,2026-08-28,2026-12-06,100,32.0,Larsen & Petro Engineering JV
HSE-L2-001,"Health, Safety & Environmental Assurance",1.5,L2,HSE,2026-08-03,2027-01-30,180,80.0,Larsen & Petro Engineering JV
CIV-L5-010,Route Grading & ROW Trench Excavation Km 12-28,1.1.1.1.1,L5,Civil,2026-08-03,2026-09-12,40,100.0,Larsen & Petro Engineering JV
CIV-L5-012,Reinforced Concrete Pile Cap & Foundation for Compressor Skid,1.1.1.1.2,L5,Civil,2026-08-13,2026-09-12,30,92.0,Larsen & Petro Engineering JV
CIV-L6-015,"Valve Pit #4 Concrete Pouring, Shuttering & Curing",1.1.1.1.3.1,L6,Civil,2026-09-07,2026-10-02,25,75.0,Larsen & Petro Engineering JV
CIV-L6-018,"Anchor Block Cast-in-Place for 24"" River Crossing",1.1.1.1.3.2,L6,Civil,2026-09-12,2026-10-02,20,30.0,Larsen & Petro Engineering JV
PIP-L5-020,"Mainline 24"" API 5L X70 Pipe Stringing & Cold Bending",1.2.1.1.1,L5,Piping,2026-08-18,2026-09-22,35,90.0,Larsen & Petro Engineering JV
PIP-L5-022,Automatic Orbital Trench Welding & Ultrasonic NDT Inspection,1.2.1.1.2,L5,Piping,2026-08-28,2026-10-12,45,50.0,Larsen & Petro Engineering JV
PIP-L6-024,"Erect Line 24""-XX Compressor Station Tie-in Spools",1.2.1.1.3.1,L6,Piping,2026-08-23,2026-10-02,40,45.0,Larsen & Petro Engineering JV
PIP-L6-026,"18"" Bypass Loop Header Fabrication & Hydro-Flange Assembly",1.2.1.1.3.2,L6,Piping,2026-09-07,2026-10-07,30,20.0,Larsen & Petro Engineering JV
PIP-L6-028,Hydrostatic Pressure Testing Sector 4 (Section A 120 Bar),1.2.1.1.4.1,L6,Piping,2026-10-07,2026-10-27,20,0.0,Larsen & Petro Engineering JV
MEC-L5-031,Centrifugal Gas Compressor Unit 01 Skid Rigging & Positioning,1.3.1.1.1,L5,Mechanical,2026-09-02,2026-09-27,25,60.0,Larsen & Petro Engineering JV
MEC-L6-035,Turbine Lube Oil System Stainless Piping & High-Velocity Flush,1.3.1.1.2.1,L6,Mechanical,2026-09-09,2026-10-01,22,35.0,Larsen & Petro Engineering JV
MEC-L6-038,Suction Scrubber & Knock-Out Drum Internal Demister Installation,1.3.1.1.2.2,L6,Mechanical,2026-09-15,2026-10-03,18,10.0,Larsen & Petro Engineering JV
ELE-L5-041,High Voltage 33kV Armored Cable Trenching & Sand Bedding,1.4.1.1.1,L5,Electrical,2026-08-28,2026-09-27,30,80.0,Larsen & Petro Engineering JV
ELE-L6-044,Transformer Substation T-102 High-Pot Testing & Panel Termination,1.4.1.1.2.1,L6,Electrical,2026-09-07,2026-10-02,25,40.0,Larsen & Petro Engineering JV
ELE-L6-048,Emergency Gas Detection & Optical Flame Sensor Loop Checking,1.4.1.1.3.1,L6,Electrical,2026-09-22,2026-10-12,20,0.0,Larsen & Petro Engineering JV
HSE-L5-051,Hot Work Containment Barriers & Gas Sniffing Station Setup,1.5.1.1.1,L5,HSE,2026-08-08,2026-09-07,30,100.0,Larsen & Petro Engineering JV
HSE-L6-054,Emergency Evacuation Sirens & High-Pressure Blast Wall Inspection,1.5.1.1.2.1,L6,HSE,2026-09-02,2026-09-22,20,70.0,Larsen & Petro Engineering JV
